{
  "duration": {
    "train_r2": 0.8801765999088187,
    "test_r2": 0.8795691642951008,
    "train_rmse": 3.5655170602149235,
    "test_rmse": 3.576031377380494,
    "train_mae": 2.4547525921307334,
    "test_mae": 2.4591808061416653,
    "training_time_minutes": 21.562836416666666
  },
  "fare": {
    "train_r2": 0.9446329453863423,
    "test_r2": 0.943746776354459,
    "train_rmse": 3.0111745937839083,
    "test_rmse": 3.0372432841061436,
    "train_mae": 1.360516034767428,
    "test_mae": 1.3621261470786112,
    "training_time_minutes": 10.287750183333333
  }
}